{
  "greedy_global": {
    "method": "Greedy-Global",
    "slope_change_pct": -1.4838168036672945,
    "cont_change": 0.12122416534181246,
    "baimu_count_change": -1,
    "baimu_area_change_ha": 34.598641026054324,
    "completed_swaps": 100,
    "elapsed": 0.005200862884521484,
    "initial_slope": 9.647492811440731,
    "final_slope": 9.504341691823598,
    "initial_cont": 3.577503974562798,
    "final_cont": 3.6987281399046106,
    "initial_baimu_count": 6,
    "final_baimu_count": 5
  },
  "greedy_sequential": {
    "method": "Greedy-Sequential",
    "slope_change_pct": -1.1706916029767285,
    "cont_change": 0.019872813990461147,
    "baimu_count_change": 0,
    "baimu_area_change_ha": -43.03404994860813,
    "completed_swaps": 66,
    "steps": 20,
    "elapsed": 0.14682531356811523,
    "initial_slope": 9.647492811440731,
    "final_slope": 9.534550423082342,
    "initial_cont": 3.577503974562798,
    "final_cont": 3.5973767885532593
  },
  "random_block": {
    "method": "Random-Block",
    "slope_pct_mean": -0.2369442106553631,
    "slope_pct_std": 0.31883960635223596,
    "cont_mean": 0.025516693163751915,
    "cont_std": 0.008258678611302205,
    "baimu_count_mean": 0.8,
    "baimu_area_mean": 9.613763500925304,
    "per_seed": [
      {
        "method": "Random-Block",
        "seed": 0,
        "slope_change_pct": -0.40088937794787977,
        "cont_change": 0.03219395866454677,
        "baimu_count_change": 2,
        "baimu_area_change_ha": 0.4905572578892112,
        "completed_swaps": 73,
        "elapsed": 0.0019714832305908203,
        "initial_slope": 9.647492811440731,
        "final_slope": 9.608817037481291,
        "initial_cont": 3.577503974562798,
        "final_cont": 3.609697933227345
      },
      {
        "method": "Random-Block",
        "seed": 1,
        "slope_change_pct": -0.6550981289322244,
        "cont_change": 0.01669316375198715,
        "baimu_count_change": 1,
        "baimu_area_change_ha": -21.920660708195715,
        "completed_swaps": 55,
        "elapsed": 0.001552581787109375,
        "initial_slope": 9.647492811440731,
        "final_slope": 9.584292266478602,
        "initial_cont": 3.577503974562798,
        "final_cont": 3.5941971383147853
      },
      {
        "method": "Random-Block",
        "seed": 2,
        "slope_change_pct": -0.19587717716168887,
        "cont_change": 0.037758346581875823,
        "baimu_count_change": 0,
        "baimu_area_change_ha": 3.770430860795826,
        "completed_swaps": 63,
        "elapsed": 0.0019314289093017578,
        "initial_slope": 9.647492811440731,
        "final_slope": 9.628595574835217,
        "initial_cont": 3.577503974562798,
        "final_cont": 3.615262321144674
      },
      {
        "method": "Random-Block",
        "seed": 3,
        "slope_change_pct": 0.3151019325269841,
        "cont_change": 0.02344992050874417,
        "baimu_count_change": 1,
        "baimu_area_change_ha": 72.8803552199401,
        "completed_swaps": 56,
        "elapsed": 0.0015060901641845703,
        "initial_slope": 9.647492811440731,
        "final_slope": 9.677892247761493,
        "initial_cont": 3.577503974562798,
        "final_cont": 3.6009538950715423
      },
      {
        "method": "Random-Block",
        "seed": 4,
        "slope_change_pct": -0.24795830176200673,
        "cont_change": 0.01748807631160565,
        "baimu_count_change": 0,
        "baimu_area_change_ha": -7.151865125802904,
        "completed_swaps": 64,
        "elapsed": 0.0017147064208984375,
        "initial_slope": 9.647492811440731,
        "final_slope": 9.623571052078075,
        "initial_cont": 3.577503974562798,
        "final_cont": 3.5949920508744038
      }
    ]
  },
  "round_robin": {
    "method": "Round-Robin",
    "slope_change_pct": 1.1011955281300096,
    "cont_change": 0.04650238473767887,
    "baimu_count_change": 2,
    "baimu_area_change_ha": 114.38237330648005,
    "completed_swaps": 73,
    "elapsed": 0.0018162727355957031,
    "initial_slope": 9.647492811440731,
    "final_slope": 9.7537305709671,
    "initial_cont": 3.577503974562798,
    "final_cont": 3.624006359300477
  }
}