{
  "horizons": {
    "1": {
      "n_steps": 120,
      "selected_block_mae": 0.093287,
      "selected_block_mae_q95": 0.118797,
      "selected_block_rmse": 0.147294,
      "selected_block_rmse_q95": 0.182883,
      "all_block_mae": 5.1e-05,
      "all_block_mae_q95": 6.2e-05,
      "global_mae": 0.01104,
      "global_mae_q95": 0.012776,
      "global_rmse": 0.027184,
      "global_rmse_q95": 0.033313,
      "reward_abs_error": 0.135618,
      "reward_abs_error_q95": 0.547953,
      "mask_agreement": 0.999952,
      "mask_agreement_q95": 1.0,
      "reward_mae": 0.135618
    },
    "5": {
      "n_steps": 600,
      "selected_block_mae": 0.082961,
      "selected_block_mae_q95": 0.119115,
      "selected_block_rmse": 0.137123,
      "selected_block_rmse_q95": 0.193894,
      "all_block_mae": 0.000168,
      "all_block_mae_q95": 0.000332,
      "global_mae": 0.016204,
      "global_mae_q95": 0.035487,
      "global_rmse": 0.032946,
      "global_rmse_q95": 0.079501,
      "reward_abs_error": 0.191192,
      "reward_abs_error_q95": 0.7377,
      "mask_agreement": 0.999719,
      "mask_agreement_q95": 1.0,
      "reward_mae": 0.191192
    },
    "10": {
      "n_steps": 1200,
      "selected_block_mae": 0.08015,
      "selected_block_mae_q95": 0.132129,
      "selected_block_rmse": 0.13452,
      "selected_block_rmse_q95": 0.199254,
      "all_block_mae": 0.000306,
      "all_block_mae_q95": 0.000577,
      "global_mae": 0.019446,
      "global_mae_q95": 0.039593,
      "global_rmse": 0.034308,
      "global_rmse_q95": 0.081505,
      "reward_abs_error": 0.197939,
      "reward_abs_error_q95": 0.771784,
      "mask_agreement": 0.999596,
      "mask_agreement_q95": 1.0,
      "reward_mae": 0.197939
    },
    "25": {
      "n_steps": 3000,
      "selected_block_mae": 0.077412,
      "selected_block_mae_q95": 0.119978,
      "selected_block_rmse": 0.130167,
      "selected_block_rmse_q95": 0.194087,
      "all_block_mae": 0.000709,
      "all_block_mae_q95": 0.001385,
      "global_mae": 0.027208,
      "global_mae_q95": 0.043952,
      "global_rmse": 0.040009,
      "global_rmse_q95": 0.07738,
      "reward_abs_error": 0.202611,
      "reward_abs_error_q95": 0.803576,
      "mask_agreement": 0.999293,
      "mask_agreement_q95": 1.0,
      "reward_mae": 0.202611
    },
    "50": {
      "n_steps": 6000,
      "selected_block_mae": 0.07596,
      "selected_block_mae_q95": 0.123994,
      "selected_block_rmse": 0.127694,
      "selected_block_rmse_q95": 0.199254,
      "all_block_mae": 0.001344,
      "all_block_mae_q95": 0.002563,
      "global_mae": 0.037749,
      "global_mae_q95": 0.055849,
      "global_rmse": 0.05049,
      "global_rmse_q95": 0.076737,
      "reward_abs_error": 0.229822,
      "reward_abs_error_q95": 0.843046,
      "mask_agreement": 0.998663,
      "mask_agreement_q95": 0.999615,
      "reward_mae": 0.229822
    },
    "100": {
      "n_steps": 12000,
      "selected_block_mae": 0.075318,
      "selected_block_mae_q95": 0.126788,
      "selected_block_rmse": 0.127024,
      "selected_block_rmse_q95": 0.199254,
      "all_block_mae": 0.002609,
      "all_block_mae_q95": 0.004986,
      "global_mae": 0.048621,
      "global_mae_q95": 0.065268,
      "global_rmse": 0.060781,
      "global_rmse_q95": 0.085352,
      "reward_abs_error": 0.234012,
      "reward_abs_error_q95": 0.808758,
      "mask_agreement": 0.997384,
      "mask_agreement_q95": 0.999615,
      "reward_mae": 0.234012
    }
  },
  "description": "Multi-step transition-model diagnostics over recorded real-environment actions. Selected-block, global, reward, and action-mask metrics are reported to avoid inflated whole-observation cosine similarity.",
  "model": "paper7\\models\\transition_model.pt",
  "trajectory_dir": "paper7\\trajectories",
  "n_transitions_loaded": 12000,
  "n_starts": 120,
  "horizons_requested": [
    1,
    5,
    10,
    25,
    50,
    100
  ],
  "n_blocks": 2600,
  "k_block": 17,
  "k_global": 12
}