{
  "horizons": {
    "1": {
      "n_steps": 120,
      "selected_block_mae": 0.093287,
      "selected_block_mae_q50": 0.118797,
      "selected_block_mae_q95": 0.118797,
      "selected_block_rmse": 0.147294,
      "selected_block_rmse_q50": 0.178079,
      "selected_block_rmse_q95": 0.182883,
      "all_block_mae": 5.1e-05,
      "all_block_mae_q50": 5.4e-05,
      "all_block_mae_q95": 6.2e-05,
      "global_mae": 0.01104,
      "global_mae_q50": 0.012662,
      "global_mae_q95": 0.012776,
      "global_rmse": 0.027184,
      "global_rmse_q50": 0.031832,
      "global_rmse_q95": 0.033313,
      "reward_abs_error": 0.135618,
      "reward_abs_error_q50": 0.044305,
      "reward_abs_error_q95": 0.547953,
      "mask_agreement": 0.999952,
      "mask_agreement_q50": 1.0,
      "mask_agreement_q95": 1.0,
      "budget_progress_mae": 0.002711,
      "budget_progress_mae_q50": 0.002224,
      "budget_progress_mae_q95": 0.005135,
      "slope_contiguity_mae": 0.002547,
      "slope_contiguity_mae_q50": 0.002512,
      "slope_contiguity_mae_q95": 0.003853,
      "baimu_mae": 0.004537,
      "baimu_mae_q50": 0.005963,
      "baimu_mae_q95": 0.005963,
      "investment_spread_mae": 0.02695,
      "investment_spread_mae_q50": 0.031382,
      "investment_spread_mae_q95": 0.032283,
      "reward_mae": 0.135618
    },
    "5": {
      "n_steps": 600,
      "selected_block_mae": 0.082961,
      "selected_block_mae_q50": 0.08585,
      "selected_block_mae_q95": 0.119115,
      "selected_block_rmse": 0.137123,
      "selected_block_rmse_q50": 0.135191,
      "selected_block_rmse_q95": 0.193894,
      "all_block_mae": 0.000168,
      "all_block_mae_q50": 0.000161,
      "all_block_mae_q95": 0.000332,
      "global_mae": 0.016204,
      "global_mae_q50": 0.012662,
      "global_mae_q95": 0.035487,
      "global_rmse": 0.032946,
      "global_rmse_q50": 0.031832,
      "global_rmse_q95": 0.079501,
      "reward_abs_error": 0.191192,
      "reward_abs_error_q50": 0.044305,
      "reward_abs_error_q95": 0.7377,
      "mask_agreement": 0.999719,
      "mask_agreement_q50": 0.999615,
      "mask_agreement_q95": 1.0,
      "budget_progress_mae": 0.003846,
      "budget_progress_mae_q50": 0.003163,
      "budget_progress_mae_q95": 0.006883,
      "slope_contiguity_mae": 0.004742,
      "slope_contiguity_mae_q50": 0.00415,
      "slope_contiguity_mae_q95": 0.00861,
      "baimu_mae": 0.00906,
      "baimu_mae_q50": 0.008462,
      "baimu_mae_q95": 0.016454,
      "investment_spread_mae": 0.037417,
      "investment_spread_mae_q50": 0.031382,
      "investment_spread_mae_q95": 0.097565,
      "reward_mae": 0.191192
    },
    "10": {
      "n_steps": 1200,
      "selected_block_mae": 0.08015,
      "selected_block_mae_q50": 0.079004,
      "selected_block_mae_q95": 0.132129,
      "selected_block_rmse": 0.13452,
      "selected_block_rmse_q50": 0.130486,
      "selected_block_rmse_q95": 0.199254,
      "all_block_mae": 0.000306,
      "all_block_mae_q50": 0.000307,
      "all_block_mae_q95": 0.000577,
      "global_mae": 0.019446,
      "global_mae_q50": 0.016622,
      "global_mae_q95": 0.039593,
      "global_rmse": 0.034308,
      "global_rmse_q50": 0.02749,
      "global_rmse_q95": 0.081505,
      "reward_abs_error": 0.197939,
      "reward_abs_error_q50": 0.048595,
      "reward_abs_error_q95": 0.771784,
      "mask_agreement": 0.999596,
      "mask_agreement_q50": 0.999615,
      "mask_agreement_q95": 1.0,
      "budget_progress_mae": 0.006171,
      "budget_progress_mae_q50": 0.005423,
      "budget_progress_mae_q95": 0.011896,
      "slope_contiguity_mae": 0.007294,
      "slope_contiguity_mae_q50": 0.007027,
      "slope_contiguity_mae_q95": 0.015271,
      "baimu_mae": 0.014915,
      "baimu_mae_q50": 0.01399,
      "baimu_mae_q95": 0.029776,
      "investment_spread_mae": 0.040502,
      "investment_spread_mae_q50": 0.03276,
      "investment_spread_mae_q95": 0.104115,
      "reward_mae": 0.197939
    },
    "25": {
      "n_steps": 3000,
      "selected_block_mae": 0.077412,
      "selected_block_mae_q50": 0.074284,
      "selected_block_mae_q95": 0.119978,
      "selected_block_rmse": 0.130167,
      "selected_block_rmse_q50": 0.12508,
      "selected_block_rmse_q95": 0.194087,
      "all_block_mae": 0.000709,
      "all_block_mae_q50": 0.000705,
      "all_block_mae_q95": 0.001385,
      "global_mae": 0.027208,
      "global_mae_q50": 0.02772,
      "global_mae_q95": 0.043952,
      "global_rmse": 0.040009,
      "global_rmse_q50": 0.036566,
      "global_rmse_q95": 0.07738,
      "reward_abs_error": 0.202611,
      "reward_abs_error_q50": 0.053531,
      "reward_abs_error_q95": 0.803576,
      "mask_agreement": 0.999293,
      "mask_agreement_q50": 0.999615,
      "mask_agreement_q95": 1.0,
      "budget_progress_mae": 0.009221,
      "budget_progress_mae_q50": 0.00982,
      "budget_progress_mae_q95": 0.015503,
      "slope_contiguity_mae": 0.015292,
      "slope_contiguity_mae_q50": 0.015074,
      "slope_contiguity_mae_q95": 0.030442,
      "baimu_mae": 0.028783,
      "baimu_mae_q50": 0.028665,
      "baimu_mae_q95": 0.050496,
      "investment_spread_mae": 0.047332,
      "investment_spread_mae_q50": 0.037551,
      "investment_spread_mae_q95": 0.099809,
      "reward_mae": 0.202611
    },
    "50": {
      "n_steps": 6000,
      "selected_block_mae": 0.07596,
      "selected_block_mae_q50": 0.072856,
      "selected_block_mae_q95": 0.123994,
      "selected_block_rmse": 0.127694,
      "selected_block_rmse_q50": 0.123711,
      "selected_block_rmse_q95": 0.199254,
      "all_block_mae": 0.001344,
      "all_block_mae_q50": 0.001339,
      "all_block_mae_q95": 0.002563,
      "global_mae": 0.037749,
      "global_mae_q50": 0.04015,
      "global_mae_q95": 0.055849,
      "global_rmse": 0.05049,
      "global_rmse_q50": 0.053988,
      "global_rmse_q95": 0.076737,
      "reward_abs_error": 0.229822,
      "reward_abs_error_q50": 0.059958,
      "reward_abs_error_q95": 0.843046,
      "mask_agreement": 0.998663,
      "mask_agreement_q50": 0.999231,
      "mask_agreement_q95": 0.999615,
      "budget_progress_mae": 0.01197,
      "budget_progress_mae_q50": 0.012993,
      "budget_progress_mae_q95": 0.022307,
      "slope_contiguity_mae": 0.026861,
      "slope_contiguity_mae_q50": 0.026643,
      "slope_contiguity_mae_q95": 0.053405,
      "baimu_mae": 0.042846,
      "baimu_mae_q50": 0.045394,
      "baimu_mae_q95": 0.07123,
      "investment_spread_mae": 0.058979,
      "investment_spread_mae_q50": 0.061049,
      "investment_spread_mae_q95": 0.101057,
      "reward_mae": 0.229822
    },
    "100": {
      "n_steps": 12000,
      "selected_block_mae": 0.075318,
      "selected_block_mae_q50": 0.071404,
      "selected_block_mae_q95": 0.126788,
      "selected_block_rmse": 0.127024,
      "selected_block_rmse_q50": 0.122441,
      "selected_block_rmse_q95": 0.199254,
      "all_block_mae": 0.002609,
      "all_block_mae_q50": 0.002582,
      "all_block_mae_q95": 0.004986,
      "global_mae": 0.048621,
      "global_mae_q50": 0.05367,
      "global_mae_q95": 0.065268,
      "global_rmse": 0.060781,
      "global_rmse_q50": 0.065974,
      "global_rmse_q95": 0.085352,
      "reward_abs_error": 0.234012,
      "reward_abs_error_q50": 0.070415,
      "reward_abs_error_q95": 0.808758,
      "mask_agreement": 0.997384,
      "mask_agreement_q50": 0.998077,
      "mask_agreement_q95": 0.999615,
      "budget_progress_mae": 0.020802,
      "budget_progress_mae_q50": 0.017217,
      "budget_progress_mae_q95": 0.045569,
      "slope_contiguity_mae": 0.040126,
      "slope_contiguity_mae_q50": 0.03979,
      "slope_contiguity_mae_q95": 0.069029,
      "baimu_mae": 0.052163,
      "baimu_mae_q50": 0.051268,
      "baimu_mae_q95": 0.083646,
      "investment_spread_mae": 0.069254,
      "investment_spread_mae_q50": 0.064903,
      "investment_spread_mae_q95": 0.113761,
      "reward_mae": 0.234012
    }
  },