{
  "label": "alpha_0.100",
  "seed": 1,
  "reward_scale": 0.1,
  "training_time_s": 2469.1295750141144,
  "reward_real": 35.36429140516402,
  "slope_change_pct": -1.1343828047905964,
  "cont_change": 0.007170646120985502,
  "baimu_count_change": 0,
  "baimu_area_change_ha": -344.5214192693412
}