{
  "description": "Dongxing one-step learned transition/reward model-based action selection evaluated in the full real environment.",
  "status": "supported_as_dongxing_full_one_step_model_based_policy",
  "generated_utc": "2026-06-19T15:28:04.482959+00:00",
  "collection_policies": [
    "random",
    "dynamic_slope_gap",
    "area_weighted_slope_gap",
    "contiguity_aware",
    "baimu_aware",
    "scalarized_default"
  ],
  "train_seeds": [
    0,
    1,
    2,
    3,
    4
  ],
  "eval_seeds": [
    0,
    1,
    2,
    3,
    4,
    5,
    6,
    7,
    8,
    9
  ],
  "max_steps": 100,
  "ridge": 0.001,
  "n_training_transitions": 3000,
  "model": {
    "model_type": "one_step_ridge_transition_reward",
    "ridge": 0.001,
    "n_training_transitions": 3000,
    "feature_dims": {
      "design": 17,
      "selected_block": 8,
      "global": 8
    },
    "feature_standardization": {
      "enabled": true,
      "constant_columns": 1,
      "max_abs_mean": 4.581364,
      "max_scale": 1.0
    },
    "design_mean": [
      1.0,
      0.2456549344,
      0.0529256265,
      0.1853715033,
      0.0547137877,
      0.1854083033,
      0.7082564664,
      4e-05,
      0.505,
      0.505,
      4.5813641494,
      3.1763036458,
      0.0076254403,
      -0.0010435474,
      0.073049585,
      0.9753785401,
      0.4744506666
    ],
    "design_scale": [
      1.0,
      0.1351013389,
      0.0376027153,
      0.1241712267,
      0.0392860734,
      0.1241723023,
      0.1611147485,
      0.0006311893,
      0.288660701,
      0.288660701,
      0.0275797387,
      0.0087888949,
      0.0059740797,
      0.0027641326,
      0.0025018088,
      0.0006999009,
      0.2777169054
    ],
    "selected_coef": [
      [
        0.0356776916,
        0.0368027734,
        0.1331421178,
        0.0396914178,
        0.1482012877,
        0.7082564664,
        0.0096239998,
        0.495
      ],
      [
        0.0033059547,
        0.0013741553,
        -0.0007261761,
        0.0014923303,
        -0.0022184945,
        -1.26e-08,
        0.0004383469,
        3.032e-07
      ],
      [
        -0.0021787253,
        0.0304413297,
        0.0277266647,
        0.0032466776,
        0.0244780385,
        -6e-09,
        -1.04124e-05,
        2.69e-08
      ],
      [
        -0.1783655627,
        0.1959393456,
        -0.0491359356,
        0.202457365,
        -0.3675945998,
        6.634e-07,
        -0.0052204623,
        1.3221e-06
      ],
      [
        0.009260599,
        -0.0005827048,
        -0.0194028167,
        0.0283278784,
        -0.0084441783,
        2.6e-09,
        0.0003021348,
        -3.45e-08
      ],
      [
        0.1767595258,
        -0.1947152274,
        0.1131767179,
        -0.2011060415,
        0.4302848018,
        -6.873e-07,
        0.0056264638,
        -1.3564e-06
      ],
      [
        -0.0017238009,
        0.0004200557,
        0.0096692715,
        -0.0005739359,
        0.0102421673,
        0.1611146772,
        0.0001436762,
        2.279e-07
      ],
      [
        -0.0026275458,
        0.0020022568,
        -0.0032363538,
        0.0020153787,
        -0.0052134825,
        2.8e-09,
        0.0003428361,
        -1.36e-08
      ],
      [
        0.0241179061,
        0.0086637703,
        -0.0377830407,
        0.0122084342,
        -0.0499926451,
        1.27e-07,
        -0.000435384,
        0.1443199399
      ],
      [
        0.024117906,
        0.0086637703,
        -0.0377830407,
        0.0122084342,
        -0.049992645,
        1.27e-07,
        -0.000435384,
        0.1443199399
      ],
      [
        0.003886423,
        0.0019059505,
        0.002858164,
        0.0004053595,
        0.0024559651,
        4.8e-09,
        -1.32917e-05,
        -1.2274e-06
      ],
      [
        -0.0062304618,
        -0.002816443,
        0.0031573833,
        0.000278056,
        0.00288008,
        -4.01e-08,
        0.0001253912,
        8.923e-07
      ],
      [
        0.0084343448,
        -0.000595052,
        0.023863336,
        -0.0030706411,
        0.0269361013,
        -1.07e-08,
        0.0004883438,
        1.9493e-06
      ],
      [
        0.002399733,
        -0.0020799693,
        0.0008179278,
        -0.0060859662,
        0.0069017674,
        -8e-10,
        -0.0001250981,
        2.397e-07
      ],
      [
        -0.0018251468,
        -0.0016656168,
        0.0005433628,
        -0.0020026817,
        0.0025463777,
        -4.5e-08,
        -0.0003178215,
        -1.976e-07
      ],
      [
        0.0027380114,
        0.0002993047,
        0.0037871331,
        0.0006629886,
        0.0031253342,
        -4.7e-09,
        -3.8081e-05,
        8.41e-08
      ],
      [
        0.0473417157,
        0.0177181945,
        -0.0852295399,
        0.025396587,
        -0.110627435,
        2.64e-07,
        -0.0008575,
        -2.23597e-05
      ]
    ],