{
  "train_loss": [
    0.22412332867545792,
    0.08931138763309232,
    0.06924786956328623,
    0.06289730953309652,
    0.057592307391178515,
    0.0534764508083214,
    0.04959318938026708,
    0.046485635110844505,
    0.044270952554828644,
    0.04122073727539666,
    0.03872668877235705,
    0.036972265281556976,
    0.03460040238450312,
    0.032891291373986914,
    0.031233694354964845,
    0.0298534444252959,
    0.028379145908986082,
    0.02742093793967689,
    0.0262221242698429,
    0.02551035064504722,
    0.024208243394295413,
    0.023559395073414213,
    0.0229618284669608,
    0.021765610756378798,
    0.021640502956201176,
    0.020916417265536804,
    0.020818703703565707,
    0.020138242858177387,
    0.019969353265783994,
    0.01882889819183271,
    0.018595869237009868,
    0.019053462210169354,
    0.01825440582492491,
    0.017822053752914183,
    0.017780121503942245,
    0.017215140630596093,
    0.016480806185200654,
    0.016556392739373548,
    0.015737924479723296,
    0.016049463391194854,
    0.01570742827685044,
    0.015170486051124971,
    0.015018137956890679,
    0.015004645953423313,
    0.01448675854845271,
    0.014107519892170108,
    0.014355196766776395,
    0.013938757113024914,
    0.013745417037373546,
    0.012962298224561292
  ],
  "val_loss": [
    0.14844783067115044,
    0.09915466451600782,
    0.09293271565662795,
    0.09297081134527137,
    0.09100622230969173,
    0.08810858011221219,
    0.09047166645330817,
    0.08837078258052077,
    0.08816125269023407,
    0.08941647895048127,
    0.0890355427798472,
    0.09428890690967244,
    0.09093905603635664,
    0.09102013597791818,
    0.09440271762248717,
    0.09668403278153978,
    0.09402805962599814,
    0.09374269832072682,
    0.0972710243107653,
    0.09693750163760821,
    0.09925648106237579,
    0.09972762538267202,
    0.10056687726051007,
    0.10257758762332071,
    0.10231052316406644,
    0.10765119105283368,
    0.0998955414703998,
    0.10887942044064403,
    0.10215397719538917,
    0.10237390982710119,
    0.10486245776624664,
    0.10021547692533779,
    0.10418218455743045,
    0.10215835596165179,
    0.10374253895746446,
    0.10582373826151811,
    0.10520787169164243,
    0.10579188430289689,
    0.10475999840510715,
    0.10253792428901713,
    0.10430031402134582,
    0.10622844767242082,
    0.10793677340629265,
    0.1057811268164139,
    0.10607539763134953,
    0.10603863085117682,
    0.10768382158436764,
    0.10818934969383438,
    0.1031101101727568,
    0.10986123834491561
  ],
  "val_reward_mse": [
    1.4786294714400643,
    0.9887349613403019,
    0.9267082002602125,
    0.9279686732119635,
    0.9076246744217841,
    0.8788846679227916,
    0.902295862079451,
    0.8820920048869754,
    0.8798286810664362,
    0.8925293522739881,
    0.8884067447660001,
    0.9413791415526679,
    0.9073159779961172,
    0.9083851918480114,
    0.9421470893154803,
    0.9653057431508052,
    0.9383051962787775,
    0.9359102976557455,
    0.9712306683098799,
    0.9679474246835238,
    0.9914625870848173,
    0.9959462934026593,
    1.0044020995203602,
    1.0242194800000441,
    1.02141752245983,
    1.075169782301313,
    0.9975856224467096,
    1.0875891265704443,
    1.0199588576429768,
    1.0221530768138014,
    1.0471685123874952,
    1.0008908611183103,
    1.040304321844719,
    1.020081985251684,
    1.035918331508966,
    1.0568755054356236,
    1.0505175531694764,
    1.056378697535317,
    1.0460663139820099,
    1.0238116576679444,
    1.0417267285581482,
    1.060784432252771,
    1.0781180656662113,
    1.0562814545670622,
    1.0595310197554921,
    1.0588343559862359,
    1.0752307959881269,
    1.0801812427020387,
    1.029525593952521,
    1.0969929252506088
  ],
  "val_obs_cosine": [
    0.9998000295538652,
    0.9998059131597218,
    0.9998013157593576,
    0.9998014318315607,
    0.9997957740959368,
    0.9997932707008562,
    0.9997930165968443,
    0.9997910182727011,
    0.9997898889215369,
    0.9997921366440622,
    0.9997920597854414,
    0.9997908661240026,
    0.9997903281136563,
    0.9997908347531369,
    0.9997913633522234,
    0.9997889085819847,
    0.9997909476882533,
    0.9997917350969816,
    0.9997946761156383,
    0.9997929444438532,
    0.9997935138250652,
    0.9997915453032443,
    0.9997902277268862,
    0.9997914574648205,
    0.9997899453890952,
    0.9997904583027488,
    0.9997917821532801,
    0.9997912692396265,
    0.9997922762444145,
    0.9997914527591906,
    0.999791355509507,
    0.9997915813797399,
    0.9997922589904383,
    0.9997921382126055,
    0.999794856498116,
    0.9997934228495547,
    0.9997904849679846,
    0.9997924848606712,
    0.9997930746329459,
    0.9997896536400444,
    0.9997936628366771,
    0.9997929836574354,
    0.99979357342971,
    0.9997917084317458,
    0.9997899438205519,
    0.99979210213611,
    0.999791438642301,
    0.999793036987907,
    0.9997914104085219,
    0.9997936487197876
  ]
}