{
  "greedy_global": {
    "method": "Greedy-Global",
    "slope_change_pct": -3.7923207253380133,
    "cont_change": 0.2262262262262258,
    "baimu_count_change": -1,
    "baimu_area_change_ha": -6.869168838132173,
    "completed_swaps": 100,
    "elapsed": 0.003159046173095703,
    "initial_slope": 9.157342547935652,
    "final_slope": 8.81006674822086,
    "initial_cont": 3.83983983983984,
    "final_cont": 4.066066066066066,
    "initial_baimu_count": 6,
    "final_baimu_count": 5
  },
  "greedy_sequential": {
    "method": "Greedy-Sequential",
    "slope_change_pct": -1.85458426307116,
    "cont_change": 0.0030030030030028243,
    "baimu_count_change": 0,
    "baimu_area_change_ha": -60.407855309931186,
    "completed_swaps": 66,
    "steps": 20,
    "elapsed": 0.04826521873474121,
    "initial_slope": 9.157342547935652,
    "final_slope": 8.98751191394066,
    "initial_cont": 3.83983983983984,
    "final_cont": 3.8428428428428427
  },
  "random_block": {
    "method": "Random-Block",
    "slope_pct_mean": -1.3099924208395546,
    "slope_pct_std": 0.5664783215596064,
    "cont_mean": 0.032032032032031935,
    "cont_std": 0.03190666156258104,
    "baimu_count_mean": -0.6,
    "baimu_area_mean": -38.07050702965423,
    "per_seed": [
      {
        "method": "Random-Block",
        "seed": 0,
        "slope_change_pct": -0.9512743574736997,
        "cont_change": 0.08408408408408397,
        "baimu_count_change": -1,
        "baimu_area_change_ha": -16.905583049540965,
        "completed_swaps": 65,
        "elapsed": 0.001840829849243164,
        "initial_slope": 9.157342547935652,
        "final_slope": 9.070231096355984,
        "initial_cont": 3.83983983983984,
        "final_cont": 3.923923923923924
      },
      {
        "method": "Random-Block",
        "seed": 1,
        "slope_change_pct": -1.1889341013384664,
        "cont_change": 0.04604604604604612,
        "baimu_count_change": -1,
        "baimu_area_change_ha": -14.254667728735134,
        "completed_swaps": 65,
        "elapsed": 0.002010345458984375,
        "initial_slope": 9.157342547935652,
        "final_slope": 9.048467779487975,
        "initial_cont": 3.83983983983984,
        "final_cont": 3.885885885885886
      },
      {
        "method": "Random-Block",
        "seed": 2,
        "slope_change_pct": -0.6876356625095226,
        "cont_change": 0.032032032032031754,
        "baimu_count_change": 0,
        "baimu_area_change_ha": -26.94924554993585,
        "completed_swaps": 57,
        "elapsed": 0.001621246337890625,
        "initial_slope": 9.157342547935652,
        "final_slope": 9.094373394769125,
        "initial_cont": 3.83983983983984,
        "final_cont": 3.8718718718718717
      },
      {
        "method": "Random-Block",
        "seed": 3,
        "slope_change_pct": -2.3440072356517185,
        "cont_change": 0.0,
        "baimu_count_change": -1,
        "baimu_area_change_ha": -82.76233438830339,
        "completed_swaps": 60,
        "elapsed": 0.0017008781433105469,
        "initial_slope": 9.157342547935652,
        "final_slope": 8.942693775784226,
        "initial_cont": 3.83983983983984,
        "final_cont": 3.83983983983984
      },
      {
        "method": "Random-Block",
        "seed": 4,
        "slope_change_pct": -1.3781107472243654,
        "cont_change": -0.002002002002002179,
        "baimu_count_change": 0,
        "baimu_area_change_ha": -49.48070443175584,
        "completed_swaps": 62,
        "elapsed": 0.0015325546264648438,
        "initial_slope": 9.157342547935652,
        "final_slope": 9.03114422598459,
        "initial_cont": 3.83983983983984,
        "final_cont": 3.8378378378378377
      }
    ]
  },
  "round_robin": {
    "method": "Round-Robin",
    "slope_change_pct": -0.28427681591064824,
    "cont_change": 0.06206206206206222,
    "baimu_count_change": -1,
    "baimu_area_change_ha": -8.928625115630776,
    "completed_swaps": 42,
    "elapsed": 0.0010001659393310547,
    "initial_slope": 9.157342547935652,
    "final_slope": 9.131310346089922,
    "initial_cont": 3.83983983983984,
    "final_cont": 3.901901901901902
  }
}