{
  "greedy_global": {
    "method": "Greedy-Global",
    "slope_change_pct": -6.361438212597778,
    "cont_change": 0.43893805309734457,
    "baimu_count_change": -2,
    "baimu_area_change_ha": -31.483876227050647,
    "completed_swaps": 100,
    "elapsed": 0.0028944015502929688,
    "initial_slope": 9.879585143554415,
    "final_slope": 9.251101438350068,
    "initial_cont": 3.711504424778761,
    "final_cont": 4.150442477876106,
    "initial_baimu_count": 9,
    "final_baimu_count": 7
  },
  "greedy_sequential": {
    "method": "Greedy-Sequential",
    "slope_change_pct": -2.1181627934648852,
    "cont_change": 0.04955752212389353,
    "baimu_count_change": -1,
    "baimu_area_change_ha": -12.014770209082961,
    "completed_swaps": 57,
    "steps": 20,
    "elapsed": 0.036862850189208984,
    "initial_slope": 9.879585143554415,
    "final_slope": 9.670319446683145,
    "initial_cont": 3.711504424778761,
    "final_cont": 3.7610619469026547
  },
  "random_block": {
    "method": "Random-Block",
    "slope_pct_mean": -0.7875725914891872,
    "slope_pct_std": 0.5331273634679875,
    "cont_mean": 0.05061946902654864,
    "cont_std": 0.021723095210713302,
    "baimu_count_mean": 0.0,
    "baimu_area_mean": 1.4440013717946407,
    "per_seed": [
      {
        "method": "Random-Block",
        "seed": 0,
        "slope_change_pct": -0.2928857546672022,
        "cont_change": 0.07433628318584073,
        "baimu_count_change": 0,
        "baimu_area_change_ha": 3.3538293837234376,
        "completed_swaps": 61,
        "elapsed": 0.0017027854919433594,
        "initial_slope": 9.879585143554415,
        "final_slope": 9.850649246019438,
        "initial_cont": 3.711504424778761,
        "final_cont": 3.785840707964602
      },
      {
        "method": "Random-Block",
        "seed": 1,
        "slope_change_pct": -0.7940610676205985,
        "cont_change": 0.019469026548672552,
        "baimu_count_change": 2,
        "baimu_area_change_ha": 17.91335411814712,
        "completed_swaps": 64,
        "elapsed": 0.001684427261352539,
        "initial_slope": 9.879585143554415,
        "final_slope": 9.801135204207615,
        "initial_cont": 3.711504424778761,
        "final_cont": 3.7309734513274337
      },
      {
        "method": "Random-Block",
        "seed": 2,
        "slope_change_pct": -1.5536514545859903,
        "cont_change": 0.044247787610619316,
        "baimu_count_change": -3,
        "baimu_area_change_ha": -6.391043311669677,
        "completed_swaps": 56,
        "elapsed": 0.0015170574188232422,
        "initial_slope": 9.879585143554415,
        "final_slope": 9.726090825109155,
        "initial_cont": 3.711504424778761,
        "final_cont": 3.7557522123893805
      },
      {
        "method": "Random-Block",
        "seed": 3,
        "slope_change_pct": -0.12380801241448393,
        "cont_change": 0.07610619469026547,
        "baimu_count_change": 0,
        "baimu_area_change_ha": 3.513772362465784,
        "completed_swaps": 63,
        "elapsed": 0.0016560554504394531,
        "initial_slope": 9.879585143554415,
        "final_slope": 9.867353425541003,
        "initial_cont": 3.711504424778761,
        "final_cont": 3.7876106194690267
      },
      {
        "method": "Random-Block",
        "seed": 4,
        "slope_change_pct": -1.173456668157661,
        "cont_change": 0.038938053097345104,
        "baimu_count_change": 1,
        "baimu_area_change_ha": -11.169905693693458,
        "completed_swaps": 63,
        "elapsed": 0.0017015933990478516,
        "initial_slope": 9.879585143554415,
        "final_slope": 9.763652492783716,
        "initial_cont": 3.711504424778761,
        "final_cont": 3.7504424778761063
      }
    ]
  },
  "round_robin": {
    "method": "Round-Robin",
    "slope_change_pct": -0.3295721926476773,
    "cont_change": 0.0867256637168139,
    "baimu_count_change": -1,
    "baimu_area_change_ha": 43.83861896459535,
    "completed_swaps": 69,
    "elapsed": 0.0016536712646484375,
    "initial_slope": 9.879585143554415,
    "final_slope": 9.847024778139351,
    "initial_cont": 3.711504424778761,
    "final_cont": 3.798230088495575
  }
}