{
  "label": "no_cal",
  "seed": 2,
  "reward_scale": 1.0,
  "training_time_s": 2347.93625330925,
  "reward_real": 41.65678086548542,
  "slope_change_pct": -0.9834178470434006,
  "cont_change": 0.012103643807053643,
  "baimu_count_change": 2,
  "baimu_area_change_ha": -260.10867671856283
}