{
  "label": "no_cal",
  "seed": 8,
  "reward_scale": 1.0,
  "training_time_s": 2241.399743080139,
  "reward_real": 41.32714374936325,
  "slope_change_pct": -1.0404003927153067,
  "cont_change": 0.010984819589594963,
  "baimu_count_change": 2,
  "baimu_area_change_ha": -293.02060674272775
}