{
  "no_cal_mean": -0.9756827782404324,
  "no_cal_std": 0.12923697878211338,
  "with_cal_mean": -1.1024619987170956,
  "with_cal_std": 0.09986537847591881,
  "mann_whitney_U": 48.0,
  "mann_whitney_p": 0.003970168132123289,
  "n_seeds": 15
}