{
  "label": "with_cal",
  "seed": 6,
  "reward_scale": 0.185,
  "training_time_s": 2184.4839413166046,
  "reward_real": 45.71701747454652,
  "slope_change_pct": -0.9457625132944351,
  "cont_change": 0.014087014010730314,
  "baimu_count_change": 3,
  "baimu_area_change_ha": -243.96645906384586
}