{
  "label": "with_cal",
  "seed": 5,
  "reward_scale": 0.185,
  "training_time_s": 2182.3567690849304,
  "reward_real": 41.98296569986512,
  "slope_change_pct": -1.0341638695864857,
  "cont_change": 0.011086530882090884,
  "baimu_count_change": 2,
  "baimu_area_change_ha": -279.7953049106002
}