{
  "label": "with_cal",
  "seed": 0,
  "reward_scale": 0.185,
  "training_time_s": 1516.1579656600952,
  "reward_real": 35.96374063357688,
  "slope_change_pct": -1.1475807834218228,
  "cont_change": 0.007730058229714842,
  "baimu_count_change": 1,
  "baimu_area_change_ha": -354.7664301255286
}